id,product_id,image,created_at,updated_at,caption,order,added_to_receiving_instructions,image_note,placeholder
66,66,https://cdn.shopify.com/s/files/1/0613/6827/1089/products/ScreenShot2022-02-12at11.40.10PM_0631d864-6a2e-4ca2-a839-fab4a309334d.png?v=1644732371,2022-12-27 23:09:06 UTC,2022-12-27 23:09:06 UTC,,0,false,,false
87,87,https://cdn.shopify.com/s/files/1/0613/6827/1089/products/ScreenShot2022-02-11at2.36.41PM.png?v=1644611820,2022-12-27 23:09:09 UTC,2022-12-27 23:09:09 UTC,,0,false,,false
146,146,https://cdn.shopify.com/s/files/1/0613/6827/1089/products/ScreenShot2022-01-20at6.49.09PM.png?v=1642726196,2022-12-27 23:09:18 UTC,2022-12-27 23:09:18 UTC,,0,false,,false
278,278,https://cdn.shopify.com/s/files/1/0613/6827/1089/products/WhiteChristmasTree_8484073c-2846-405f-9360-1b87ecf239e1.jpg?v=1668386237,2022-12-27 23:09:38 UTC,2022-12-27 23:09:38 UTC,,0,false,,false
326,326,https://cdn.shopify.com/s/files/1/0613/6827/1089/products/ScreenShot2022-11-16at8.08.23PM.png?v=1668651235,2022-12-27 23:09:46 UTC,2022-12-27 23:09:46 UTC,,0,false,,false
384,384,https://cdn.shopify.com/s/files/1/0613/6827/1089/products/BonusMom_23b96b83-45c3-41e7-b504-6948d0eacbd9.jpg?v=1668388519,2022-12-27 23:09:55 UTC,2022-12-27 23:09:55 UTC,,0,false,,false
