id,location,qty,product_id,created_at,updated_at,alert,location_primary,location_secondary,name,inventory_warehouse_id,available_inv,allocated_inv,location_tertiary,product_inv_alert_level,product_inv_alert,sold_inv,location_quaternary,location_primary_qty,location_secondary_qty,location_tertiary_qty,location_quaternary_qty,product_inv_target_level
66,,,66,2022-12-27 23:09:06 UTC,2022-12-27 23:09:06 UTC,,,,,1,4,0,,0,false,0,,,,,,1
87,,,87,2022-12-27 23:09:09 UTC,2022-12-27 23:09:09 UTC,,,,,1,3,0,,0,false,0,,,,,,1
146,,,146,2022-12-27 23:09:18 UTC,2023-04-25 20:17:54 UTC,,,,,1,5,0,,0,false,1,,,,,,1
278,,,278,2022-12-27 23:09:38 UTC,2022-12-27 23:09:38 UTC,,,,,1,1,0,,0,false,0,,,,,,1
326,,,326,2022-12-27 23:09:46 UTC,2022-12-27 23:09:46 UTC,,,,,1,16,0,,0,false,0,,,,,,1
384,,,384,2022-12-27 23:09:55 UTC,2022-12-27 23:09:55 UTC,,,,,1,9,0,,0,false,0,,,,,,1
561,,,435,2023-07-04 08:54:34 UTC,2023-07-04 08:54:34 UTC,,,,,1,0,0,,0,false,0,,,,,,1
