id,product_id,barcode,created_at,updated_at,order,lot_number,packing_count,is_multipack_barcode
62,66,SH_JWL013,2022-12-27 23:09:06 UTC,2022-12-27 23:09:06 UTC,0,,1,true
83,87,SH_SC25,2022-12-27 23:09:09 UTC,2022-12-27 23:09:09 UTC,0,,1,true
272,278,SH_JWL44,2022-12-27 23:09:38 UTC,2022-12-27 23:09:38 UTC,0,,1,true
320,326,SH_BABY09,2022-12-27 23:09:46 UTC,2022-12-27 23:09:46 UTC,0,,1,true
377,384,SH_JWL04,2022-12-27 23:09:55 UTC,2022-12-27 23:09:55 UTC,0,,1,true
533,146,SH_FOO45,2023-04-14 18:10:27 UTC,2023-04-14 18:10:27 UTC,0,,1,true
