ID,Product Name,SKU 1,SKU 2,SKU 3,SKU 4,SKU 5,SKU 6,Barcode 1,Barcode 1 Qty,Barcode 2,Barcode 2 Qty,Barcode 3,Barcode 3 Qty,Barcode 4,Barcode 4 Qty,Barcode 5,Barcode 5 Qty,Barcode 6,Barcode 6 Qty,Location 1,Location 1 Qty,Location 2,Location 2 Qty,Location 3,Location 3 Qty,Location 4,Location 4 Qty,Qty On Hand,Absolute Image URL,Packing Instructions,Packing Instructions Conf,Product Receiving Instructions,Categories,FNSKU,ASIN,FBA-UPC,ISBN,EAN,Supplier SKU,AVG Cost,Count Group,Restock Lead Time,Product Scanning Sequence,Custom Product 1,Custom Product Display 1,Custom Product 2,Custom Product Display 2,Custom Product 3,Custom Product Display 3,Opt. Click Scan,Opt. Type-in Count,Opt. Intangible,Opt. Add to Any Order,Opt. Skippable,Opt. Record Serial 1,Opt. Record Serial 2,Inv. Alert Level,Inventory Target Level,Store ID,Status,Created At,Updated At
66,Amazing Mom Light Necklace,SPC.AST.AMAZINGMOMLT,"","","","","",SH_JWL013,1,"","","","","","","","","","",,,,,,,,,4,https://cdn.shopify.com/s/files/1/0613/6827/1089/products/ScreenShot2022-02-12at11.40.10PM_0631d864-6a2e-4ca2-a839-fab4a309334d.png?v=1644732371,,false,,"Jewelry, Mother's Day, Necklace, Pink",,,,,,,,,0,,,false,,false,,false,on,on,false,false,false,false,false,0,1,3,active,2022-12-27 23:09:06 UTC,2023-04-17 15:49:28 UTC
87,Valley Items,VALGSET,"","","","","",SH_SC25,1,"","","","","","","","","","",,,,,,,,,3,https://cdn.shopify.com/s/files/1/0613/6827/1089/products/ScreenShot2022-02-11at2.36.41PM.png?v=1644611820,,false,,"Bath bomb, bath salt, bath sponge, Everyday Happies, Purple, Versatile",,,,,,,0.0,,0,,,false,,false,,false,on,on,false,false,false,false,false,0,1,3,active,2022-12-27 23:09:09 UTC,2023-04-17 16:12:31 UTC
146,Pink Piglets Candy,RS1606-00-03,"","","","","",SH_FOO45,1,"","","","","","","","","","",,,,,,,,,5,https://cdn.shopify.com/s/files/1/0613/6827/1089/products/ScreenShot2022-01-20at6.49.09PM.png?v=1642726196,,false,,"Candy, Gummies, Pig, Pink, Versatile",,,,,,,0.0,,0,,,false,,false,,false,on,on,false,false,false,false,false,0,1,3,active,2022-12-27 23:09:18 UTC,2023-04-14 18:10:27 UTC
278,White Christmas Tree Earrings - Product,2100801,"","","","","",SH_JWL44,1,"","","","","","","","","","",,,,,,,,,1,https://cdn.shopify.com/s/files/1/0613/6827/1089/products/WhiteChristmasTree_8484073c-2846-405f-9360-1b87ecf239e1.jpg?v=1668386237,,false,,"Christmas, Earrings, Holiday, Holiday Happies, Jewelry, little happies, Tree, White",,,,,,,0.0,,0,,,false,,false,,false,on,on,false,false,false,false,false,0,1,3,active,2022-12-27 23:09:38 UTC,2023-04-17 16:59:16 UTC
326,"Crocheted ""My First Snuggle Bunny"" - White",SH_BABY09,"","","","","",SH_BABY09,1,"","","","","","","","","","",,,,,,,,,16,https://cdn.shopify.com/s/files/1/0613/6827/1089/products/ScreenShot2022-11-16at8.08.23PM.png?v=1668651235,,false,,"baby, baby shower",,,,,,,0.0,,0,,,false,,false,,false,on,on,false,false,false,false,false,0,1,3,active,2022-12-27 23:09:46 UTC,2023-04-18 23:49:28 UTC
384,Moon and Star Crystal Dangle Earrings - Product,T3CE1641,"","","","","",SH_JWL04,1,"","","","","","","","","","",,,,,,,,,9,https://cdn.shopify.com/s/files/1/0613/6827/1089/products/BonusMom_23b96b83-45c3-41e7-b504-6948d0eacbd9.jpg?v=1668388519,,false,,"Earrings, Jewelry, little happies",,,,,,,0.0,,0,,,false,,false,,false,on,on,false,false,false,false,false,0,1,3,active,2022-12-27 23:09:55 UTC,2023-04-17 16:10:37 UTC
